{
    "boyfriend":{
        "name": "boyfriend",
        "origin": "Friday Night Funkin'",
        "mod": "Base Game",
        "imageURL": "https://static.wikia.nocookie.net/fridaynightfunkin/images/5/5b/Boyfriend.gif",
        "icon": "https://static.wikia.nocookie.net/fridaynightfunkin/images/5/5b/BoyfriendIcons.png",
        "flip": true
    },
    "girlfriend":{
        "name": "girlfriend",
        "origin": "Friday Night Funkin'",
        "mod": "Base Game",
        "imageURL": "https://static.wikia.nocookie.net/fridaynightfunkin/images/e/e9/Gfboombox.gif",
        "icon": "https://static.wikia.nocookie.net/fridaynightfunkin/images/8/81/GirlfriendIcon.png",
        "flip": true
    },
    "spooky kids":{
        "name": "spooky kids",
        "origin": "Spooky Month",
        "mod": "Base Game",
        "quote": "IT IS A SPOOKY MONTH! - Spooky Kids (It's spooky month)",
        "imageURL": "https://static.wikia.nocookie.net/fridaynightfunkin/images/2/27/ITSSPOOKYMONTH.gif",
        "icon": "https://static.wikia.nocookie.net/fridaynightfunkin/images/6/6b/Skid_and_Pump_character_Icons.png",
        "flip": false
    },
    "pico":{
        "name": "pico",
        "origin": "Pico's School",
        "mod": "Base Game",
        "imageURL": "https://static.wikia.nocookie.net/fridaynightfunkin/images/0/02/Pico_Newgrounds.gif",
        "icon": "https://static.wikia.nocookie.net/fridaynightfunkin/images/e/e1/PicoIcons.png",
        "flip": true
    },
    "tankman":{
        "name": "tankman",
        "origin": "TANKMEN",
        "mod": "Base Game",
        "imageURL": "https://static.wikia.nocookie.net/fridaynightfunkin/images/d/d0/NEWGROUNDS_DOT_COM.gif",
        "icon": "https://static.wikia.nocookie.net/fridaynightfunkin/images/4/45/TankmanIcons.png",
        "flip": true
    },
    "whitty":{
        "name": "whitty",
        "origin": "Vs. Whitty",
        "mod": "Vs. Whitty",
        "quote": "You're REALLY pushing my limits here, dude - Whitty",
        "imageURL": "https://static.wikia.nocookie.net/fridaynightfunking/images/4/4b/Whitty_Normal.gif",
        "icon": "https://static.wikia.nocookie.net/fridaynightfunking/images/b/b7/CollectionCarolIcons.png",
        "flip": false
    },
    "carol":{
        "name": "carol",
        "origin": "Vs. Carol",
        "mod": "Vs. Carol",
        "quote": "ayo peep this bop I whipped up - Carol",
        "imageURL": "https://static.wikia.nocookie.net/fridaynightfunking/images/4/4d/CarolAnim.gif",
        "icon": "https://static.wikia.nocookie.net/fridaynightfunking/images/b/b7/CollectionCarolIcons.png",
        "flip": false
    },
    "sunday":{
        "name": "sunday",
        "origin": "Vs. Sunday",
        "mod": "Vs. Sunday",
        "imageURL": "https://static.wikia.nocookie.net/fridaynightfunking/images/b/b2/SundayIdleAnim.gif",
        "icon": "https://static.wikia.nocookie.net/fridaynightfunking/images/d/d8/UnusedSundayNormalIconMaybe.png",
        "flip": false
    },
    "tricky":{
        "name": "tricky",
        "origin": "Madness Combat",
        "mod": "Vs. Tricky",
        "quote": "YOU DO NOT KILL CLOWN, CLOWN KILLS YOU! - Tricky (Madness Combat 11)",
        "imageURL": "https://static.wikia.nocookie.net/fridaynightfunking/images/9/9d/TrickyMaskAnim.gif",
        "icon": "https://static.wikia.nocookie.net/fridaynightfunking/images/a/a6/TrickyMaskIcons.png",
        "flip": false
    },
    "hank":{
        "name": "hank",
        "origin": "Madness Combat",
        "mod": "FNF Online",
        "imageURL": "https://static.wikia.nocookie.net/fridaynightfunking/images/7/7f/HankOnlineIdle.gif",
        "icon": "https://static.wikia.nocookie.net/fridaynightfunking/images/e/ea/AccelerantHankIcons.png",
        "flip": true
    },
    "edd":{
        "name": "edd",
        "origin": "Eddsworld",
        "mod": "FNF Online",
        "quote": "Edd may be gone, but his world will keep on spinning - Thomas (TomSka) Ridgewell (RIP Edd Gould)",
        "imageURL": "https://static.wikia.nocookie.net/fridaynightfunking/images/e/ef/EddChallengeIdle.gif",
        "icon": "https://static.wikia.nocookie.net/fridaynightfunking/images/b/b0/IconSet_VsOnlineEdd.png",
        "flip": false
    },
    "tord":{
        "name": "tord",
        "origin": "Eddsworld",
        "mod": "FNF Online",
        "quote": "Hello...old friend - Tord (Eddsworld - The End P1)",
        "imageURL": "https://static.wikia.nocookie.net/fridaynightfunking/images/c/cb/TordPlayableIdle.gif",
        "icon": "https://static.wikia.nocookie.net/fridaynightfunking/images/7/70/TordOnlineVSIcons.png",
        "flip": false
    },
    "shaggy":{
        "name": "shaggy",
        "origin": "Scooby-Doo",
        "mod": "Vs. Shaggy",
        "quote": "Zoinks!",
        "imageURL": "https://static.wikia.nocookie.net/fridaynightfunking/images/0/0f/SimShaggyIdle.gif",
        "icon": "https://static.wikia.nocookie.net/fridaynightfunking/images/b/b8/Red_Shaggy.png",
        "flip": false
    },
    "sonic.exe":{
        "name": "sonic.exe",
        "origin": "Sonic.exe",
        "mod": "Vs. Sonic.exe",
        "quote": "I AM GOD! - Sonic.exe's iconic line",
        "imageURL": "https://static.wikia.nocookie.net/fridaynightfunking/images/2/22/SonicExeIdle2.5.gif.gif",
        "icon": "https://static.wikia.nocookie.net/fridaynightfunking/images/d/d2/SlowBoi.png",
        "flip": false
    },
    "lord x":{
        "name": "lord x",
        "origin": "Sonic PC Port",
        "mod": "Vs. Sonic.exe",
        "quote": "HOW ABOUT A GAME? FOR OLD TIME'S SAKE! - Lord X (Sonic PC Port)",
        "imageURL": "https://static.wikia.nocookie.net/fridaynightfunking/images/f/fb/LordX3.0OnlyIdleAnimThing.gif",
        "icon": "https://static.wikia.nocookie.net/fridaynightfunking/images/f/f0/Sonicexex.png",
        "flip": false
    },
    "majin sonic":{
        "name": "majin sonic",
        "origin": "Sonic CD",
        "mod": "Vs. Sonic.exe",
        "quote": "Fun Is Infinite - Line found by putting FM46, PCM12, DA25 in the Sonic CD Sound Test",
        "imageURL": "https://static.wikia.nocookie.net/fridaynightfunking/images/a/a8/MajinSonic3.0IdleAnim.gif",
        "icon": "https://static.wikia.nocookie.net/fridaynightfunking/images/d/db/Icon-Majin-OG.png",
        "flip": false
    },
    "fleetway":{
        "name": "fleetway",
        "origin": "Sonic The Comic Issue 7",
        "mod": "Vs. Sonic.exe",
        "quote": "Let's see how fast you can really go! - Fleetway (FNF Vs. Sonic.exe)",
        "imageURL": "https://static.wikia.nocookie.net/fridaynightfunking/images/d/d5/FleetwayIdle.gif",
        "icon": "https://static.wikia.nocookie.net/fridaynightfunking/images/a/a1/SuperSonicDoesWhatExeDoesntDo.png",
        "flip": false
    },
    "sunky":{
        "name": "sunky",
        "origin": "Sunky The Game",
        "mod": "Vs. Sonic.exe",
        "quote": "I occasionally sunk - Sunky (Sunky.MPEG)",
        "imageURL": "https://static.wikia.nocookie.net/fridaynightfunking/images/2/2f/SunkyNormal3.0IdleAnim.gif",
        "icon": "https://static.wikia.nocookie.net/fridaynightfunking/images/c/c0/Ioccasionallysunk.png",
        "flip": false
    },
    "mx":{
        "name": "mx",
        "origin": "Mario PC Port",
        "mod": "Mario's Madness",
        "quote": "Innocence doesn't get you far - MX's iconic line",
        "imageURL": "https://static.wikia.nocookie.net/fridaynightfunking/images/8/89/PowerDownIdle.gif",
        "icon": "https://static.wikia.nocookie.net/fridaynightfunking/images/c/c5/Icon_MXMadness.png",
        "flip": false
    },
    "suicide mouse":{
        "name": "suicide mouse",
        "origin": "Suicide Mouse Creepypasta",
        "mod": "Wednesday's Infidelity",
        "quote": "Have you ever considered that without happiness, you'll know peace? - Suicide Mouse",
        "imageURL": "https://static.wikia.nocookie.net/fridaynightfunking/images/9/98/WIMouse4Idle.gif",
        "icon": "https://static.wikia.nocookie.net/fridaynightfunking/images/d/d0/DejectedSuicideMouseIcons.png",
        "flip": false
    },
    "red mist squidward":{
        "name": "red mist squidward",
        "origin": "Red Mist Creepypasta",
        "mod": "Mistful Crimson Morning",
        "quote": "I just can't seem to get happy - Squidward (Spongebob Squarepants S8E169a 'Are You Happy Now?')",
        "imageURL": "https://static.wikia.nocookie.net/fridaynightfunking/images/6/65/SquidwardPhase3NewMCM.gif",
        "icon": "https://static.wikia.nocookie.net/fridaynightfunking/images/2/23/Icon-darkward.png",
        "flip": false
    },
    "gold":{
        "name": "gold",
        "origin": "Lost Silver Creepypasta",
        "mod": "Friday Night Funkin' Lullaby",
        "quote": "I'M...DEAD - Gold (FNF Lullaby)",
        "imageURL": "https://static.wikia.nocookie.net/fridaynightfunking/images/9/90/Gold-idle.gif",
        "icon": "https://static.wikia.nocookie.net/fridaynightfunking/images/8/8a/GoldIcon.png",
        "flip": false
    },
    "missingno":{
        "name": "missingno",
        "origin": "Pokémon Red and Blue",
        "mod": "Friday Night Funkin' Lullaby",
        "imageURL": "https://static.wikia.nocookie.net/fridaynightfunking/images/e/ed/MissingnoIdle.gif",
        "icon": "https://static.wikia.nocookie.net/fridaynightfunking/images/c/cf/MissingnoIcons.png",
        "flip": false
    },
    "jeff the killer":{
        "name": "jeff the killer",
        "origin": "Jeff The Killer Creepypasta",
        "mod": "Friday Night Trepidation",
        "quote": "shhhhh..GO TO SLEEP - Jeff The Killer",
        "imageURL": "https://static.wikia.nocookie.net/fridaynightfunking/images/1/1c/JeffNewIdle.gif",
        "icon": "https://static.wikia.nocookie.net/fridaynightfunking/images/d/d5/Jefficons.png",
        "flip": false
    },
    "slenderman":{
        "name": "slenderman",
        "origin": "Slenderman Creepypasta",
        "mod": "Friday Night Trepidation",
        "quote": "He is looking at you. When he screams, the world will end - Slenderman Creepypasta",
        "imageURL": "https://static.wikia.nocookie.net/fridaynightfunking/images/5/56/SlenderNewIdle.gif",
        "icon": "https://static.wikia.nocookie.net/fridaynightfunking/images/9/9f/SlendermanIcons.png",
        "flip": false
    },
    "ben drowned":{
        "name": "ben drowned",
        "origin": "Ben Drowned Creepypasta",
        "mod": "Funkin' Drowned",
        "quote": "You've met with a terrible fate, haven't you? - Ben Drowned",
        "imageURL": "https://static.wikia.nocookie.net/fridaynightfunking/images/9/97/BenDrownedIdle.gif",
        "icon": "https://static.wikia.nocookie.net/fridaynightfunking/images/0/09/BenDrownedIcons.png",
        "flip": false
    },
    "eyeless jack":{
        "name": "eyeless jack",
        "origin": "Eyeless Jack Creepypasta",
        "mod": "Friday Night Huntin'",
        "quote": "My voice is not made for singing, to let you know. - Eyeless Jack",
        "imageURL": "https://static.wikia.nocookie.net/fridaynightfunking/images/f/f9/NoEyeJackIdle.gif",
        "icon": "https://static.wikia.nocookie.net/fridaynightfunking/images/3/3c/Icon-jack.png",
        "flip": false
    },
    "taeyai":{
        "name": "taeyai",
        "origin": "Cyber Sensation",
        "mod": "Cyber Sensation",
        "quote": "I can't do anything right! - Taeyai (FNF Cyber Sensation)",
        "imageURL": "https://static.wikia.nocookie.net/fridaynightfunking/images/3/3f/Taeyai_Idle.gif",
        "icon": "https://static.wikia.nocookie.net/fridaynightfunking/images/0/00/TaeyaiIcons.png",
        "flip": false
    },
    "agoti":{
        "name": "agoti",
        "origin": "FNF Entities",
        "mod": "FNF Entities",
        "quote": "I'm surprised someone as small as you didn't break anything! - Agoti",
        "imageURL": "https://static.wikia.nocookie.net/fridaynightfunking/images/b/b3/AGOTIMiclessAnim.gif",
        "icon": "https://static.wikia.nocookie.net/fridaynightfunking/images/1/15/AGOTI_Icons.png",
        "flip": false
    },
    "aldryx":{
        "name": "aldryx",
        "origin": "FNF Entities",
        "mod": "FNF Entities",
        "imageURL": "https://static.wikia.nocookie.net/fridaynightfunking/images/3/36/Thebestcharacterinentity.gif",
        "icon": "https://static.wikia.nocookie.net/fridaynightfunking/images/1/17/Icon-aldryx.png",
        "flip": false
    },
    "solazar":{
        "name": "solazar",
        "origin": "FNF Entities",
        "mod": "FNF Entities",
        "quote": "I WILL NOT LET THIS HAPPEN! - Solazar",
        "imageURL": "https://static.wikia.nocookie.net/fridaynightfunking/images/8/8d/SolAnim.gif",
        "icon": "https://static.wikia.nocookie.net/fridaynightfunking/images/a/ab/Icon-sol.png",
        "flip": false
    },
    "nikusa":{
        "name": "nikusa",
        "origin": "FNF Entities",
        "mod": "FNF Entities",
        "quote": "The fact that you struck me... must mean you want to befriend me? - Nikusa",
        "imageURL": "https://static.wikia.nocookie.net/fridaynightfunking/images/2/22/NikusaIdleAnim.gif",
        "icon": "https://static.wikia.nocookie.net/fridaynightfunking/images/a/a9/NikusaIcons.png",
        "flip": false
    },
    "tabi":{
        "name": "tabi",
        "origin": "Vs Ex",
        "mod": "Vs Ex",
        "quote": "Stop getting in my way you little freak! Let me end this all! Now! - Tabi",
        "imageURL": "https://static.wikia.nocookie.net/fridaynightfunking/images/f/fe/TabiNewIdle.gif",
        "icon": "https://static.wikia.nocookie.net/fridaynightfunking/images/5/55/TabiIconsNew.png",
        "flip": false
    },
    "nikku":{
        "name": "nikku",
        "origin": "Hotline 024",
        "mod": "Hotline 024",
        "quote": "Look, it's reallyyy hard to explain, but please, just leave. This is where I hide. - Nikku",
        "imageURL": "https://static.wikia.nocookie.net/fridaynightfunking/images/3/3b/NikkuAnim.gif",
        "icon": "https://static.wikia.nocookie.net/fridaynightfunking/images/6/69/Icon-nikku.png",
        "flip": false
    },
    "annie":{
        "name": "annie",
        "origin": "Vs. Annie",
        "mod": "Vs. Annie",
        "quote": "T H E L I Q U I D ! - Annie",
        "imageURL": "https://static.wikia.nocookie.net/fridaynightfunking/images/d/d0/AnnieHRIdle.gif",
        "icon": "https://static.wikia.nocookie.net/fridaynightfunking/images/c/c2/NewAnnieIcon.png",
        "flip": false
    },
    "garcello":{
        "name": "garcello",
        "origin": "Smoke Em Out Struggle",
        "mod": "Smoke Em Out Struggle",
        "quote": "Tight bars, little man - Garcello (Voiceline in Release in Smoke Em Out Struggle)",
        "imageURL": "https://static.wikia.nocookie.net/fridaynightfunking/images/d/da/GarcelloIdle.gif",
        "icon": "https://static.wikia.nocookie.net/fridaynightfunking/images/b/b0/GarcelloIconsA.png",
        "flip": false
    },
    "julian":{
        "name": "julian",
        "origin": "Vs. Whitty",
        "mod": "Vs. Whitty",
        "quote": "I have no money - Julian",
        "imageURL": "https://static.wikia.nocookie.net/fridaynightfunking/images/a/af/Julian_T._Whitmore.gif",
        "icon": "https://static.wikia.nocookie.net/fridaynightfunking/images/8/8f/Icon-white.png",
        "flip": false
    },
    "sky":{
        "name": "sky",
        "origin": "Vs. Sky",
        "mod": "Vs. Sky",
        "imageURL": "https://static.wikia.nocookie.net/fridaynightfunking/images/d/d1/OGSkyAnim.gif",
        "icon": "https://static.wikia.nocookie.net/fridaynightfunking/images/0/02/OGSkyIcons.png",
        "flip": false
    },
    "ski":{
        "name": "ski",
        "origin": "Ski Sings for You!",
        "mod": "Ski Sings for You!",
        "imageURL": "https://static.wikia.nocookie.net/fridaynightfunking/images/f/f7/SkiForwardAnim.gif",
        "icon": "https://static.wikia.nocookie.net/fridaynightfunking/images/9/96/Icon-ski_New.png",
        "flip": false
    },
    "nusky":{
        "name": "nusky",
        "origin": "NuSky + Skyverse",
        "mod": "NuSky + Skyverse",
        "imageURL": "https://static.wikia.nocookie.net/fridaynightfunking/images/d/d0/NuSkyIdle.gif",
        "icon": "https://static.wikia.nocookie.net/fridaynightfunking/images/a/a7/Nuskyicons.png",
        "flip": false
    },
    "skyblue":{
        "name": "skyblue",
        "origin": "Vs. SkyBlue",
        "mod": "Vs. SkyBlue",
        "imageURL": "https://static.wikia.nocookie.net/fridaynightfunking/images/e/e4/SkyBlueIdle.gif",
        "icon": "https://static.wikia.nocookie.net/fridaynightfunking/images/b/b5/SkyBlueIcons.png",
        "flip": false
    },
    "cuphead":{
        "name": "cuphead",
        "origin": "Cuphead",
        "mod": "Indie Cross",
        "quote": "You know what I'd do when I'm not sure? I double down! - Cuphead (The Cuphead Show S1E1 - Carn-evil)",
        "imageURL": "https://static.wikia.nocookie.net/fridaynightfunking/images/6/68/CupheadAnim.gif",
        "icon": "https://static.wikia.nocookie.net/fridaynightfunking/images/f/f7/CupheadNewIcons.png",
        "flip": false
    },
    "devil":{
        "name": "devil",
        "origin": "Cuphead",
        "mod": "Indie Cross",
        "quote": "You broke our deal...now it's my turn to break you!!! (The Phase 1 Devil Death line)",
        "imageURL": "https://static.wikia.nocookie.net/fridaynightfunking/images/4/43/DevilAnim.gif",
        "icon": "https://static.wikia.nocookie.net/fridaynightfunking/images/8/80/DevilIndieIcon.png",
        "flip": false
    },
    "sans":{
        "name": "sans",
        "origin": "Undertale",
        "mod": "Indie Cross",
        "quote": "It's a beautiful day outside. Birds are singing. Flowers are blooming. On days like these, kids like you...should be burning in hell. - Sans' line before his fight",
        "imageURL": "https://static.wikia.nocookie.net/fridaynightfunking/images/5/53/IndieSansBoneIdle.gif",
        "icon": "https://static.wikia.nocookie.net/fridaynightfunking/images/d/d4/SansIcons.png",
        "flip": false
    },
    "papyrus":{
        "name": "papyrus",
        "origin": "Undertale",
        "mod": "Indie Cross",
        "quote": "NYEH HEH HEH HEH!! IT IS I! THE GREAT PAPYRUS! - Papyrus' iconic line in Undertale",
        "imageURL": "https://static.wikia.nocookie.net/fridaynightfunking/images/a/a8/IndiePapyrusIdle.gif",
        "icon": "https://static.wikia.nocookie.net/fridaynightfunking/images/e/e0/PapyrusIndieIcons.png",
        "flip": false
    },
    "bendy":{
        "name": "bendy",
        "origin": "Bendy And The Ink Machine",
        "mod": "Indie Cross",
        "quote": "The creator lied to us - (Wall Message found in Bendy and the Ink Machine)",
        "imageURL": "https://static.wikia.nocookie.net/fridaynightfunking/images/4/40/IndieBendyIdle.gif",
        "icon": "https://static.wikia.nocookie.net/fridaynightfunking/images/d/dc/BendyIconIC.png",
        "flip": false
    },
    "ink demon":{
        "name": "ink demon",
        "origin": "Bendy And The Ink Machine",
        "mod": "Indie Cross",
        "quote": "Beware the Ink Demon - (Wall Message found in Bendy and the Ink Machine)",
        "imageURL": "https://static.wikia.nocookie.net/fridaynightfunking/images/2/2e/BendyNewIC.gif",
        "icon": "https://static.wikia.nocookie.net/fridaynightfunking/images/e/e5/BendyNewIcon.png",
        "flip": false
    },
    "sammy lawrence":{
        "name": "sammy lawrence",
        "origin": "Bendy And The Ink Machine",
        "mod": "Indie Cross",
        "quote": "Soon he will here me. He will set us free - Sammy Lawrence (Bendy and the Ink Machine Chapter 2)",
        "imageURL": "https://static.wikia.nocookie.net/fridaynightfunking/images/8/80/IndieSamIdle.gif",
        "icon": "https://static.wikia.nocookie.net/fridaynightfunking/images/6/66/SammyIconIC.png",
        "flip": false
    },
    "imposter":{
        "name": "imposter",
        "origin": "Among Us",
        "mod": "Indie Cross",
        "quote": "There is an imposer among us - Among Us everytime a game has been started",
        "imageURL": "https://static.wikia.nocookie.net/fridaynightfunking/images/d/d9/Red_Impostor_V3.gif",
        "icon": "https://static.wikia.nocookie.net/fridaynightfunking/images/e/e0/ImpostorNewIcons.png",
        "flip": false
    },
    "monika":{
        "name": "monika",
        "origin": "Doki Doki Literature Club",
        "mod": "Doki Doki Takeover",
        "quote": "Just monika - Doki Doki Literature Club",
        "imageURL": "https://static.wikia.nocookie.net/fridaynightfunking/images/f/f6/ReconcileMonikaIdle.gif",
        "icon": "https://static.wikia.nocookie.net/fridaynightfunking/images/4/4c/MonikaNotPixelIconSet.png",
        "flip": false
    },
    "sayori":{
        "name": "sayori",
        "origin": "Doki Doki Literature Club",
        "mod": "Doki Doki Takeover",
        "quote": "I like happy the most, but sometimes when you have a little raincloud in your head... a sad poem can help give the raincloud a little hug... And make a nice happy rainbow! - Sayori (Doki Doki Literature Club)",
        "imageURL": "https://static.wikia.nocookie.net/fridaynightfunking/images/1/1b/DDSayoriIdle.gif",
        "icon": "https://static.wikia.nocookie.net/fridaynightfunking/images/2/29/SayoriIconSet.png",
        "flip": false
    },
    "yuri":{
        "name": "yuri",
        "origin": "Doki Doki Literature Club",
        "mod": "Doki Doki Takeover",
        "quote": "When horrible things happen not just because someone wants to be evil...But because the world is full of horrible people, and we're all worthless anyway - Yuri (Doki Doki Literature Club)",
        "imageURL": "https://static.wikia.nocookie.net/fridaynightfunking/images/c/c8/DDYuriIdle.gif",
        "icon": "https://static.wikia.nocookie.net/fridaynightfunking/images/a/a2/YuriIconSet.png",
        "flip": false
    },
    "natsuki":{
        "name": "natsuki",
        "origin": "Doki Doki Literature Club",
        "mod": "Doki Doki Takeover",
        "quote": "Manga is literature!! - Natsuki (Doki Doki Literature Club)",
        "imageURL": "https://static.wikia.nocookie.net/fridaynightfunking/images/c/c7/DDNatsukiIdle.gif",
        "icon": "https://static.wikia.nocookie.net/fridaynightfunking/images/f/fc/NatsukiIconSet.png",
        "flip": false
    },
    "purple guy":{
        "name": "purple guy",
        "origin": "Five Nights At Freddy's",
        "mod": "Funkin' at Freddy's + Afton",
        "quote": "I always come back - William Afton/Purple Guy (deathline in Freddy Fazbear's Pizzeria Simulator)",
        "imageURL": "https://static.wikia.nocookie.net/fridaynightfunking/images/2/2c/AftonIdle.gif",
        "icon": "https://static.wikia.nocookie.net/fridaynightfunking/images/7/76/Aftonnormalicons.png",
        "flip": false
    },
    "ourple guy":{
        "name": "ourple guy",
        "origin": "Five Nights At Freddy's",
        "mod": "Vs. OURPLE GUY",
        "quote": "Why he ourple though?",
        "imageURL": "https://static.wikia.nocookie.net/fridaynightfunking/images/1/16/OurpleNewIdle.gif",
        "icon": "https://static.wikia.nocookie.net/fridaynightfunking/images/1/13/OURPLEIconsAnimated.gif",
        "flip": false
    },
    "dave":{
        "name": "dave",
        "origin": "Dave's Fun Algebra Class",
        "mod": "Vs. Dave and Bambi",
        "quote": "Hey Bambi, they're not trespassing. I invited them over as an apology for nearly turning the world 3D. - Dave, Corn Theft",
        "imageURL": "https://static.wikia.nocookie.net/fridaynightfunking/images/d/d3/DaveNew3.0.gif",
        "icon": "https://static.wikia.nocookie.net/fridaynightfunking/images/2/29/NewDaveIcons.png",
        "flip": false
    },
    "bambi":{
        "name": "bambi",
        "origin": "Vs. Dave and Bambi",
        "mod": "Vs. Dave and Bambi",
        "quote": "I GONNA BLOCK YOU OUT OF MY FARM! You never coming back ever again you dirty ole' rodeo trash. - Bambi, Blocked",
        "imageURL": "https://static.wikia.nocookie.net/fridaynightfunking/images/e/ee/BambiRemake.gif",
        "icon": "https://static.wikia.nocookie.net/fridaynightfunking/images/e/e3/BambiIcons.png",
        "flip": false
    },
    "matpat":{
        "name": "matpat",
        "origin": "Youtuber: Game Theory",
        "mod": "Vs. OURPLE GUY",
        "quote": "That's just a theory. A GAME THEORY! - Matpat at the end of every Game Theory video",
        "imageURL": "https://static.wikia.nocookie.net/fridaynightfunking/images/7/75/MatPatNewIdle.gif",
        "icon": "https://static.wikia.nocookie.net/fridaynightfunking/images/8/81/Icon-mat2.png",
        "flip": false
    },
    "markiplier":{
        "name": "markiplier",
        "origin": "Youtuber: Markiplier",
        "mod": "Vs. OURPLE GUY",
        "quote": "Hello everybody! My name is Markiplier! - Markiplier at the beginning of every video",
        "imageURL": "https://static.wikia.nocookie.net/fridaynightfunking/images/a/a6/Idlemark.gif",
        "icon": "https://static.wikia.nocookie.net/fridaynightfunking/images/7/7f/OurpleguyIcon-mark.png",
        "flip": true
    },
    "solid chris":{
        "name": "solid chris",
        "origin": "Youtuber: Sonichu",
        "mod": "SingStar Challenge",
        "quote": "Oh no you don't, Chris! - Solid (voiceline in Virgin Rage in SingStar Challenge)",
        "imageURL": "https://static.wikia.nocookie.net/fridaynightfunking/images/e/e7/Solidchrisidle.gif",
        "icon": "https://static.wikia.nocookie.net/fridaynightfunking/images/a/a5/Icon-solid.png",
        "flip": true
    },
    "liquid chris":{
        "name": "liquid chris",
        "origin": "Youtuber: Liquid saga",
        "mod": "SingStar Challenge",
        "quote": "You're a freak! HA HA HA HAA! - Liquid Chris",
        "imageURL": "https://static.wikia.nocookie.net/fridaynightfunking/images/3/33/Liquididle.gif",
        "icon": "https://static.wikia.nocookie.net/fridaynightfunking/images/f/f5/Icon-liquid.png",
        "flip": false
    },
    "jellybean":{
        "name": "jellybean",
        "origin": "PNGtuber",
        "mod": "Atrocity",
        "quote": "Reading my awful hate comments! - JellyBean (Reading my AWFUL hate comments)",
        "imageURL": "https://static.wikia.nocookie.net/fridaynightfunking/images/e/e0/TossAtroJellyBeanIdle.gif",
        "icon": "https://static.wikia.nocookie.net/fridaynightfunking/images/7/74/Icon-jellybean2.png",
        "flip": true
    },
    "berserk skeleton":{
        "name": "berserk skeleton",
        "origin": "Berserk",
        "mod": "Atrocity",
        "quote": "We're funnier than you, that's for sure! - Skeleton (Atrocity)",
        "imageURL": "https://static.wikia.nocookie.net/fridaynightfunking/images/7/71/TossAtroSkeletonIdle.gif",
        "icon": "https://static.wikia.nocookie.net/fridaynightfunking/images/3/30/Icon-skeleton.png",
        "flip": false
    },
    "sticky":{
        "name": "sticky",
        "origin": "Youtuber",
        "mod": "StickyBM Mod Pack",
        "quote": "EPIC FURRY FLIPNOTE COMPILATION 2012 - StickyBM (Funkin Expo 2)",
        "imageURL": "https://static.wikia.nocookie.net/fridaynightfunking/images/9/96/StickyNewAnim.gif",
        "icon": "https://static.wikia.nocookie.net/fridaynightfunking/images/5/54/NewStickyIcons.png",
        "flip": true
    },
    "dorkly sonic":{
        "name": "dorkly sonic",
        "origin": "Sonic For Hire",
        "mod": "Vs. Dorkly Sonic",
        "quote": "Why did you say that like it was a completely normal sentence? - Sonic (Sonic Meets Original Fan Characters)",
        "imageURL": "https://static.wikia.nocookie.net/fridaynightfunking/images/2/27/DorklySonicIdle.gif",
        "icon": "https://static.wikia.nocookie.net/fridaynightfunking/images/9/9a/Icon-dorkly.png",
        "flip": false
    },
    "huggy wuggy":{
        "name": "huggy wuggy",
        "origin": "Poppy Playtime",
        "mod": "Vs. Huggy Wuggy",
        "quote": "His name is Huggy! Huggy Wuggy! When he hugs you, he'll never stop! Your friend Huggy! Huggy Wuggy! He'll squeeze you until you pop! - Huggy Wuggy Jingle in Poppy Playtime",
        "imageURL": "https://static.wikia.nocookie.net/fridaynightfunking/images/6/67/Huggy_Wuggy.gif",
        "icon": "https://static.wikia.nocookie.net/fridaynightfunking/images/f/ff/Icon-huggy.png",
        "flip": false
    },
    "mark heathcliff":{
        "name": "mark heathcliff",
        "origin": "Mandela Catalogue",
        "mod": "Funkdela Catalogue",
        "quote": "YOU FUCKING BASTARD! - Mark Healthcliff (Mandela Catalogue Vol 1)",
        "imageURL": "https://static.wikia.nocookie.net/fridaynightfunking/images/1/14/Markanimated.gif",
        "icon": "https://static.wikia.nocookie.net/fridaynightfunking/images/d/d8/MarkNewIcons.png",
        "flip": false
    },
    "cesar torres":{
        "name": "cesar torres",
        "origin": "Mandela Catalogue",
        "mod": "Funkdela Catalogue",
        "quote": "One more thing, try to get a good view of the back-- - Cesar Torres (Mandela Catalogue Vol 1)",
        "imageURL": "https://static.wikia.nocookie.net/fridaynightfunking/images/4/4c/CesarAnimated.gif",
        "icon": "https://static.wikia.nocookie.net/fridaynightfunking/images/3/3e/CesarNewIcons.png",
        "flip": true
    },
    "n":{
        "name": "n",
        "origin": "Mandela Catalogue",
        "mod": "Funkdela Catalogue",
        "quote": "NOTHING IS WORTH THE RISK - Reoccuring line in Mandela Catalogue",
        "imageURL": "https://static.wikia.nocookie.net/fridaynightfunking/images/e/e2/NIdleFunkdela.gif",
        "icon": "https://static.wikia.nocookie.net/fridaynightfunking/images/a/af/NFunkdelaIcons.png",
        "flip": true
    },
    "needlemouse":{
        "name": "needlemouse",
        "origin": "Needlemouse",
        "mod": "Vs. Sonic.exe",
        "quote": "There is no god. Only me. - Needlemouse/Sarah (NeedleM0use n0way)",
        "imageURL": "https://static.wikia.nocookie.net/fridaynightfunking/images/2/2e/NeedlemouseIdleAnim.gif",
        "icon": "https://static.wikia.nocookie.net/fridaynightfunking/images/2/27/NeedleM0use_Official_icons.png",
        "flip": false
    },
    "starved":{
        "name": "starved",
        "origin": "Starved Creepypasta",
        "mod": "Vs. Sonic.exe",
        "quote": "I love that hedgehog - Starved after killing and eating Sonic",
        "imageURL": "https://static.wikia.nocookie.net/fridaynightfunking/images/0/05/StarvedIdleAnim.gif",
        "icon": "https://static.wikia.nocookie.net/fridaynightfunking/images/9/91/StarvedIcons.png",
        "flip": false
    },
    "furnace":{
        "name": "furnace",
        "origin": "Starved Creepypasta",
        "mod": "Vs. Sonic.exe",
        "quote": "TARGET SPOTTED - Furance",
        "imageURL": "https://static.wikia.nocookie.net/fridaynightfunking/images/b/b6/Furnace3.0Idle.gif",
        "icon": "https://static.wikia.nocookie.net/fridaynightfunking/images/d/db/Icon-furnace-metal.png",
        "flip": false
    },
    "fatal error":{
        "name": "fatal error",
        "origin": "Fatal Error Creepypasta",
        "mod": "Vs. Sonic.exe",
        "quote": "YOU CAN'T RUN FAR LITTLE FOX! - Fatal Error, Official Art",
        "imageURL": "https://static.wikia.nocookie.net/fridaynightfunking/images/7/70/FatalErrorSonicIdleAnim.gif",
        "icon": "https://static.wikia.nocookie.net/fridaynightfunking/images/6/60/Icon-fatal-sonic.png",
        "flip": false
    },
    "coldsteel":{
        "name": "coldsteel",
        "origin": "Coldsteel Meme",
        "mod": "Vs. Sonic.exe",
        "quote": "Psssh...nothin personnel...kid... Coldsteel Meme",
        "imageURL": "https://static.wikia.nocookie.net/fridaynightfunking/images/d/d4/Coldsleet.gif",
        "icon": "https://static.wikia.nocookie.net/fridaynightfunking/images/e/e2/ColdsteelIcons.png",
        "flip": false
    },
    "hog":{
        "name": "hog",
        "origin": "Hog/Scorched",
        "mod": "Vs. Sonic.exe",
        "imageURL": "https://static.wikia.nocookie.net/fridaynightfunking/images/f/f3/SonicEXEHogIdleAnim.gif",
        "icon": "https://static.wikia.nocookie.net/fridaynightfunking/images/0/07/Icon-hog3.0.png",
        "flip": false
    },
    "scorched":{
        "name": "scorched",
        "origin": "Hog/Scorched",
        "mod": "Vs. Sonic.exe",
        "imageURL": "https://static.wikia.nocookie.net/fridaynightfunking/images/3/3c/ScorchedIdleAnim.gif",
        "icon": "https://static.wikia.nocookie.net/fridaynightfunking/images/f/f2/Icon-scorched.png",
        "flip": false
    },
    "eduardo":{
        "name": "eduardo",
        "origin": "Eddsworld",
        "mod": "FNF Online",
        "quote": "Well Well Well! - Eduardo (Eddsworld, Hammer and Fail Pt 1)",
        "imageURL": "https://static.wikia.nocookie.net/fridaynightfunking/images/7/72/EduardoChallengeIdle.gif",
        "icon": "https://static.wikia.nocookie.net/fridaynightfunking/images/c/c8/IconSet_Eduardo.png",
        "flip": false
    },
    "cassette girl":{
        "name": "cassette girl",
        "origin": "Cassette Girl",
        "mod": "Vs. Cassette Girl",
        "quote": "",
        "imageURL": "https://static.wikia.nocookie.net/fridaynightfunking/images/4/4d/CGIdle.gif",
        "icon": "https://static.wikia.nocookie.net/fridaynightfunking/images/8/83/CassetteGirlIcons.png",
        "flip": false
    },
    "zardy":{
        "name": "zardy",
        "origin": "Zardy's Maze",
        "mod": "Vs. Zardy",
        "quote": "You should know it's dangerous to wander in the dark... But if you want a show... I'll give you a show! - Zardy (Line in Foolhardy in Vs. Zardy)",
        "imageURL": "https://static.wikia.nocookie.net/fridaynightfunking/images/0/0e/Zardy_Idle_Anim.gif",
        "icon": "https://static.wikia.nocookie.net/fridaynightfunking/images/9/93/Zardyicons.png",
        "flip": false
    },
    "hatsune miku":{
        "name": "hatsune miku",
        "origin": "Hatsune Miku",
        "mod": "Vs. Hatsune Miku",
        "quote": "Pretty good little bro, I had no idea you were so good at performing! - Hastune Miku (Vs. Hatsune Miku)",
        "imageURL": "https://static.wikia.nocookie.net/fridaynightfunking/images/f/f6/MikuNewIdleAnim.gif",
        "icon": "https://static.wikia.nocookie.net/fridaynightfunking/images/9/92/NewIconsSet.png",
        "flip": false
    },
    "mami":{
        "name": "mami",
        "origin": "Madoka Magica",
        "mod": "Vs. Mami",
        "quote": "I'm Mami Tomoe. I’m a ninth grader at Mitakihara Middle School. And… once I made a contract with Kyubey, I became a Magical Girl. - Mami (Madoka Magica E2)",
        "imageURL": "https://static.wikia.nocookie.net/fridaynightfunking/images/0/05/MamiSalvationIdle1.gif",
        "icon": "https://static.wikia.nocookie.net/fridaynightfunking/images/0/0e/SalvationFormerIcons.png",
        "flip": false
    },
    "sonic the hedgehog":{
        "name": "sonic the hedgehog",
        "origin": "Sonic The Hedgehog",
        "mod": "Friday Night Funkin' HD",
        "quote": "Gotta go fast! - Iconic Sonic Line",
        "imageURL": "https://static.wikia.nocookie.net/fridaynightfunking/images/3/38/Sonic.gif",
        "icon": "https://static.wikia.nocookie.net/fridaynightfunking/images/7/74/HDSonicIconset.png",
        "flip": false
    },
    "mario":{
        "name": "mario",
        "origin": "Super Mario Bros",
        "mod": "Vs. Mario Rebooted",
        "quote": "Its a me! Mario! - Iconic Mario line",
        "imageURL": "https://static.wikia.nocookie.net/fridaynightfunking/images/3/39/VSMarioRebootMarioIdle.gif",
        "icon": "https://static.wikia.nocookie.net/fridaynightfunking/images/5/58/Icon-marioreboot.png",
        "flip": false
    },
    "luigi":{
        "name": "luigi",
        "origin": "Super Mario Bros",
        "mod": "Vs. Mario Rebooted",
        "quote": "Luigi number one! - Luigi",
        "imageURL": "https://static.wikia.nocookie.net/fridaynightfunking/images/0/0e/Luigi_reboot.gif",
        "icon": "https://static.wikia.nocookie.net/fridaynightfunking/images/c/c8/Icon-luigi.png",
        "flip": false
    },
    "psychic":{
        "name": "psychic",
        "origin": "FNF Mind Games",
        "mod": "FNF Mind Games",
        "quote": "I have a couple of questions I want to ask you, and you WILL answer them - The Psychic",
        "imageURL": "https://static.wikia.nocookie.net/fridaynightfunking/images/f/fd/Psychic_Idle_Animation.gif",
        "icon": "https://static.wikia.nocookie.net/fridaynightfunking/images/d/d3/Icon-psychic.png",
        "flip": false
    },
    "blue":{
        "name": "blue",
        "origin": "Rainbow Friends",
        "mod": "Vs. Rainbow Friends",
        "quote": "",
        "imageURL": "https://static.wikia.nocookie.net/fridaynightfunking/images/3/37/FriendsToYourEndBlueIdle.gif",
        "icon": "https://static.wikia.nocookie.net/fridaynightfunking/images/3/37/FriendsToYourEndBlueIcons.png",
        "flip": false
    },
    "green":{
        "name": "green",
        "origin": "Rainbow Friends",
        "mod": "Vs. Rainbow Friends",
        "quote": "",
        "imageURL": "https://static.wikia.nocookie.net/fridaynightfunking/images/e/e3/FriendsToYourEndGreenIdle.gif",
        "icon": "https://static.wikia.nocookie.net/fridaynightfunking/images/4/4c/Icon-green_monster.png",
        "flip": false
    },
    "orange":{
        "name": "orange",
        "origin": "Rainbow Friends",
        "mod": "Vs. Rainbow Friends",
        "quote": "",
        "imageURL": "https://static.wikia.nocookie.net/fridaynightfunking/images/6/63/FriendsToYourEndOrangeIdle.gif",
        "icon": "https://static.wikia.nocookie.net/fridaynightfunking/images/5/55/Icon-orange.png",
        "flip": false
    },
    "purple":{
        "name": "purple",
        "origin": "Rainbow Friends",
        "mod": "Vs. Rainbow Friends",
        "quote": "",
        "imageURL": "https://static.wikia.nocookie.net/fridaynightfunking/images/1/1f/FriendsToYourEndOurpleIdle.gif",
        "icon": "https://static.wikia.nocookie.net/fridaynightfunking/images/7/7a/Icon-purplemonster.png",
        "flip": false
    },
    "scott cawthon":{
        "name": "scott cawthon",
        "origin": "Creator of Five Nights At Freddys",
        "mod": "Funkin' at Freddy's + Afton",
        "quote": "Now let me show you how this game ends - Scott Cawthon/Animdude (Line before his Boss Fight in FNAF World)",
        "imageURL": "https://static.wikia.nocookie.net/fridaynightfunking/images/d/db/ScootUnused.gif",
        "icon": "https://static.wikia.nocookie.net/fridaynightfunking/images/e/e6/ScottCawthonIcons.png",
        "flip": false
    },
    "nonsense":{
        "name": "nonsense",
        "origin": "Vs. Nonsense",
        "mod": "Vs. Nonsense",
        "quote": "Did you just dab? In 2021? - Nonsense",
        "imageURL": "https://static.wikia.nocookie.net/fridaynightfunking/images/1/19/NewSense.gif",
        "icon": "https://static.wikia.nocookie.net/fridaynightfunking/images/b/b4/IconsNonsense.png",
        "flip": false
    },
    "boy":{
        "name": "boy",
        "origin": "Twinsomnia",
        "mod": "Twinsomnia",
        "imageURL": "https://static.wikia.nocookie.net/fridaynightfunking/images/b/b1/Lilboyidle.gif",
        "icon": "https://static.wikia.nocookie.net/fridaynightfunking/images/e/e9/BoyRealIcons.png",
        "flip": false
    },
    "girl":{
        "name": "girl",
        "origin": "Twinsomnia",
        "mod": "Twinsomnia",
        "imageURL": "https://static.wikia.nocookie.net/fridaynightfunking/images/7/78/Lilgirlidle.gif",
        "icon": "https://static.wikia.nocookie.net/fridaynightfunking/images/4/40/GirlRealIcons.png",
        "flip": false
    },
    "sportsman":{
        "name": "sportsman",
        "origin": "TANKMEN 2",
        "mod": "FNF Online",
        "quote": "You're just jealous we have spikes and style and you don't. - Thugmen (TANKMEN 2)",
        "imageURL": "https://static.wikia.nocookie.net/fridaynightfunking/images/7/71/OVBGPlaySportIdle.gif",
        "icon": "https://static.wikia.nocookie.net/fridaynightfunking/images/d/dc/Sportsmanicons.png",
        "flip": true
    },
    "steve":{
        "name": "steve",
        "origin": "TANKMEN",
        "mod": "FNF Online",
        "quote": "You should've used the Pythagorean Theorem, bitch. - Steve (TANKMEN 2)",
        "imageURL": "https://static.wikia.nocookie.net/fridaynightfunking/images/9/9e/Steveidletankman.gif",
        "icon": "https://static.wikia.nocookie.net/fridaynightfunking/images/5/54/SteveOnlineVSIcons.png",
        "flip": true
    },
    "alien hominid":{
        "name": "alien hominid",
        "origin": "Alien Hominid",
        "mod": "FNF Online",
        "imageURL": "https://static.wikia.nocookie.net/fridaynightfunking/images/7/72/VSONLINEAlienHominidIdle.gif",
        "icon": "https://static.wikia.nocookie.net/fridaynightfunking/images/8/83/VSONLINEAlienIcon.png",
        "flip": false
    },
    "ena":{
        "name": "ena",
        "origin": "ENA",
        "mod": "SugarCrush Stairway",
        "quote": "Looks like I'm the best and you're the worst - ENA (ENA - Temptation Stairway)",
        "imageURL": "https://static.wikia.nocookie.net/fridaynightfunking/images/4/45/SugarCrushIdle.gif",
        "icon": "https://static.wikia.nocookie.net/fridaynightfunking/images/9/97/EnaSCSWIcons.png",
        "flip": false
    },
    "hypno":{
        "name": "hypno",
        "origin": "Hypno's Lullaby",
        "mod": "Friday Night Funkin' Lullaby",
        "quote": "Come little children, come with me. Safe and happy you will be. Away from home, now let us run. With Hypno, you'll have lots of fun - Lyrics from Hypno's Lullaby Creepypasta",
        "imageURL": "https://static.wikia.nocookie.net/fridaynightfunking/images/3/31/Hypno_Phase_1.gif",
        "icon": "https://static.wikia.nocookie.net/fridaynightfunking/images/5/5a/Icon-hypno.png",
        "flip": false
    },
    "gengar":{
        "name": "gengar",
        "origin": "Pokémon Series",
        "mod": "Friday Night Funkin' Lullaby",
        "quote": "Lurking in the shadowy corners of rooms, it awaits chances to steal its prey's life force. - Gengar's Pearl Pokédex entry",
        "imageURL": "https://static.wikia.nocookie.net/fridaynightfunking/images/f/fe/FNFLGengarIdle.gif",
        "flip": true
    },
    "muk":{
        "name": "muk",
        "origin": "Pokémon Series",
        "mod": "Friday Night Funkin' Lullaby",
        "quote": "There are over a hundred kinds of poison inside its body. Chemical reactions between different poisons are the source of its vitality. - Muk's Ultra Sun Pokédex entry",
        "imageURL": "https://static.wikia.nocookie.net/fridaynightfunking/images/6/63/FNFLMukIdle.gif",
        "flip": true
    },
    "disabled":{
        "name": "disabled",
        "origin": "DISABLED Creepypasta",
        "mod": "Friday Night Funkin' Lullaby",
        "quote": "You’re lying. You... can Sing. Give me your Sing. - DISABLED (DISABLED Creepypasta)",
        "imageURL": "https://static.wikia.nocookie.net/fridaynightfunking/images/2/22/FNFLWiggly4Idle.gif",
        "icon": "https://static.wikia.nocookie.net/fridaynightfunking/images/a/a7/Icon-wigglytuff.png",
        "flip": false
    },
    "ponyta":{
        "name": "ponyta",
        "origin": "Pokémon Red/Green",
        "mod": "Friday Night Funkin' Lullaby",
        "imageURL": "https://static.wikia.nocookie.net/fridaynightfunking/images/e/e8/Ponyta_Idle.gif",
        "icon": "https://static.wikia.nocookie.net/fridaynightfunking/images/7/78/Icon-ponyta.png",
        "flip": true
    },
    "purin":{
        "name": "purin",
        "origin": "Purin Creepypasta",
        "mod": "Friday Night Funkin' Lullaby",
        "quote": "This unknown form of Jigglypuff appears to have a far deadlier Sing ability than usual, be cautious. - Purin Pokedex entry from Lullaby",
        "imageURL": "https://static.wikia.nocookie.net/fridaynightfunking/images/6/62/FNFLJigglyIdle.gif",
        "icon": "https://static.wikia.nocookie.net/fridaynightfunking/images/6/6c/Icon-jigglypuff.png",
        "flip": false
    },
    "hell bell":{
        "name": "hell bell",
        "origin": "Hell Bell Creepypasta",
        "mod": "Friday Night Funkin' Lullaby",
        "imageURL": "https://static.wikia.nocookie.net/fridaynightfunking/images/9/9a/Hell_bell_idle.gif",
        "flip": false
    },
    "shitno":{
        "name": "shitno",
        "origin": "Friday Night Funkin' Lullaby",
        "mod": "Friday Night Funkin' Lullaby",
        "quote": "Her name is actually Shinto, but due to the fact that it's not possible to beat her in the game she's from, players nicknamed her 'Shintno.' The only way to capture her would be to use a hacked copy and go beyond the glitched difficulty cap. But you don't want to do that... - Shitno Pokedex Entry from Lullaby",
        "imageURL": "https://static.wikia.nocookie.net/fridaynightfunking/images/8/87/Shitno_Idle.gif",
        "icon": "https://static.wikia.nocookie.net/fridaynightfunking/images/0/0a/Icon-shitno.png",
        "flip": false
    },
    "buried alive":{
        "name": "buried alive",
        "origin": "Buried Alive Creepypasta",
        "mod": "Friday Night Funkin' Lullaby",
        "quote": "You're...here...I'm trapped...And I'm lonely...So very lonely...Won't you join me? - Buried Alive",
        "imageURL": "https://static.wikia.nocookie.net/fridaynightfunking/images/9/90/FNFLBuriedIdle.gif",
        "icon": "https://static.wikia.nocookie.net/fridaynightfunking/images/0/03/BuriedAliveIcon.png",
        "flip": true
    },
    "glitchy red":{
        "name": "glitchy red",
        "origin": "Glitch Red Creepypasta",
        "mod": "Friday Night Funkin' Lullaby",
        "quote": "They took everything from me. My voice, my freedom, my legacy. And they replaced me with some-brown eyed kid. - Red in Glitchy Red Creepypasta",
        "imageURL": "https://static.wikia.nocookie.net/fridaynightfunking/images/6/61/FNFLRedIdle.gif",
        "icon": "https://static.wikia.nocookie.net/fridaynightfunking/images/0/0d/Icon-glitchy-red.png",
        "flip": true
    },
    "steven":{
        "name": "steven",
        "origin": "Strangled Red Creepypasta",
        "mod": "Friday Night Funkin' Lullaby",
        "quote": "In a world that cheated me… why should I play fair? - Steven in Strangled Red Creepypasta",
        "imageURL": "https://static.wikia.nocookie.net/fridaynightfunking/images/c/c5/FNFLSteven2HesJustStandingThere.gif",
        "icon": "https://static.wikia.nocookie.net/fridaynightfunking/images/a/ab/Icon-steven-evil.png",
        "flip": false
    },
    "beezle":{
        "name": "beezle",
        "origin": "Hell Bell Creepypasta",
        "mod": "Friday Night Funkin' Lullaby",
        "quote": "Lmao are you scared of an old dude? - Botplay message in Death Toll in FNF Lullaby",
        "imageURL": "https://static.wikia.nocookie.net/fridaynightfunking/images/d/d0/Beelzebub_anim._idle.gif",
        "icon": "https://static.wikia.nocookie.net/fridaynightfunking/images/3/39/Icon-beelze.png",
        "flip": true
    },
    "silver":{
        "name": "silver",
        "origin": "Lost Silver Creepypasta",
        "mod": "Friday Night Funkin' Lullaby",
        "quote": "Certain Pokemon have been able to hear the muffled screams and wails this trainer does. When they hear it, their faces are filled with fear. - Silver's Podedex entry in Lullaby",
        "imageURL": "https://static.wikia.nocookie.net/fridaynightfunking/images/5/50/SilverIdle.gif",
        "icon": "https://static.wikia.nocookie.net/fridaynightfunking/images/8/80/Icon-silver.png",
        "flip": false
    },
    "red":{
        "name": "red",
        "origin": "Pokémon Series",
        "mod": "Friday Night Funkin' Lullaby",
        "imageURL": "https://static.wikia.nocookie.net/fridaynightfunking/images/e/e6/FNFLMTRedIdle.gif",
        "icon": "https://static.wikia.nocookie.net/fridaynightfunking/images/7/75/FrostyRedIcon.png",
        "flip": true
    },
    "grey":{
        "name": "grey",
        "origin": "Friday Night Funkin' Lullaby",
        "mod": "Friday Night Funkin' Lullaby",
        "quote": "So cold. Why is it so cold? - Grey (voiceline in Shitno in FNF Lullaby)",
        "imageURL": "https://static.wikia.nocookie.net/fridaynightfunking/images/d/dd/ShitnoGreyIdle.gif",
        "icon": "https://static.wikia.nocookie.net/fridaynightfunking/images/c/c9/Icon-grey.png",
        "flip": true
    },
    "dawn":{
        "name": "dawn",
        "origin": "Pokémon Series",
        "mod": "Friday Night Funkin' Lullaby",
        "imageURL": "https://static.wikia.nocookie.net/fridaynightfunking/images/0/01/Dawn_Idle.gif",
        "icon": "https://static.wikia.nocookie.net/fridaynightfunking/images/1/14/Icon-dawn.png",
        "flip": true
    },
    "secret histories tails":{
        "name": "secret histories tails",
        "origin": "Secret Histories of Sonic and Tails",
        "mod": "Friday Night Funkin' Secret Histories",
        "quote": "WHY? THEY WERE IMPOSTERS, SONIC! THEY DIDN'T LOVE YOU, I LOVED YOU! YOU THINK THEY WERE YOUR FRIENDS? I WAS YOUR BEST FRIEND SONIC! DON'T YOU GET IT? SONIC'S BEST FRIEND IS TAILS! ME! - Tails in Secret Histories of Sonic and Tails",
        "imageURL": "https://static.wikia.nocookie.net/fridaynightfunking/images/2/27/T.ails_FNF_SH.gif",
        "icon": "https://static.wikia.nocookie.net/fridaynightfunking/images/4/4f/Icon-mashedtails.png",
        "flip": false
    },
    "secret histories sonic":{
        "name": "secret histories sonic",
        "origin": "Secret Histories of Sonic and Tails",
        "mod": "Friday Night Funkin' Secret Histories",
        "quote": "You have never once, ever could be, or ever will be my friend, ever, you SAD TWISTED FUCK! - Sonic in Secret Histories of Sonic and Tails",
        "imageURL": "https://static.wikia.nocookie.net/fridaynightfunking/images/0/07/Sonic_be_bopping_2.gif",
        "icon": "https://static.wikia.nocookie.net/fridaynightfunking/images/8/8f/Icon-mashedsonic.png",
        "flip": true
    },
    "secret histories mario":{
        "name": "secret histories mario",
        "origin": "Secret Histories of Mario",
        "mod": "Mario's Monday Night Massacre",
        "quote": "You don't think I knew about the Shenmue? You tried to fuck me! - Mario in Secret Histories of Sonic and Tails",
        "imageURL": "https://static.wikia.nocookie.net/fridaynightfunking/images/2/2e/S.C_Mario_idle.gif",
        "icon": "https://static.wikia.nocookie.net/fridaynightfunking/images/3/34/Icon-shmMM.png",
        "flip": false
    },
    "meatcanyon spongebob":{
        "name": "meatcanyon spongebob",
        "origin": "Secret Formula",
        "mod": "Mistful Crimson Morning",
        "quote": "Another beautiful day at the Krusty Krab. Another day servicing the masses - Spongebob at the beginning of Meatcanyon's Secret Formula",
        "imageURL": "https://static.wikia.nocookie.net/fridaynightfunking/images/2/27/MeatcanyonSpongebob.gif",
        "icon": "https://static.wikia.nocookie.net/fridaynightfunking/images/8/88/MCSpongebobV2Icons.png",
        "flip": true
    },
    "served plankton":{
        "name": "served plankton",
        "origin": "Plankton Gets Served Creepypasta",
        "mod": "Mistful Crimson Morning",
        "quote": "That's it, I'm done. The 4:15 bus should be along any time now. - Plankton (Spongebob Squarepants S7E137a 'One Coarse Meal')",
        "imageURL": "https://static.wikia.nocookie.net/fridaynightfunking/images/e/e4/Plenkton.gif",
        "icon": "https://static.wikia.nocookie.net/fridaynightfunking/images/5/59/Icon-plankton.png",
        "flip": false
    },
    "faceless spongebob":{
        "name": "faceless spongebob",
        "origin": "Faceless Creepypasta",
        "mod": "Mistful Crimson Morning",
        "imageURL": "https://static.wikia.nocookie.net/fridaynightfunking/images/6/6c/Facelesspongidle.png",
        "icon": "https://static.wikia.nocookie.net/fridaynightfunking/images/2/26/Icon-facelessSet.png",
        "flip": false
    },
    "faceless patrick":{
        "name": "faceless patrick",
        "origin": "Faceless Creepypasta",
        "mod": "Mistful Crimson Morning",
        "imageURL": "https://static.wikia.nocookie.net/fridaynightfunking/images/7/78/Facelesspatrickidle.png",
        "icon": "https://static.wikia.nocookie.net/fridaynightfunking/images/2/26/Icon-facelessSet.png",
        "flip": false
    },
    "bootleg spongebob":{
        "name": "bootleg spongebob",
        "origin": "Spongebob Bootleg Episode Creepypasta",
        "mod": "Mistful Crimson Morning",
        "quote": "Many who stare at this image for a long enough period of time claim to see Spongebob blink - Spongebob Bootleg Episode creepypasta",
        "imageURL": "https://static.wikia.nocookie.net/fridaynightfunking/images/d/da/BootlegSpongeBob.gif",
        "icon": "https://static.wikia.nocookie.net/fridaynightfunking/images/c/c9/Icon-bootlegSet.png",
        "flip": false
    },
    "teuthida":{
        "name": "teuthida",
        "origin": "Mistful Crimson Morning",
        "mod": "Mistful Crimson Morning",
        "quote": "Tonight we rehearse for the greatest concert to ever be held, crustacean. A symphony unmatched by even Neptune himself. And you've got the leading role. Won't you join me? - ",
        "imageURL": "https://static.wikia.nocookie.net/fridaynightfunking/images/1/18/StarvedSquedward.gif",
        "icon": "https://static.wikia.nocookie.net/fridaynightfunking/images/3/31/StarvedSquidwardIcons.png",
        "flip": false
    },
    "horrortales patrick":{
        "name": "horrortales patrick",
        "origin": "Spongebob Horror Tales",
        "mod": "Mistful Crimson Morning",
        "quote": "He's just standing there, MENACINGLY! - Patrick (Spongbob Squarepants S1E7a 'Hall Monitor')",
        "imageURL": "https://static.wikia.nocookie.net/fridaynightfunking/images/f/fc/HorrorTalesPatrick.png",
        "icon": "https://static.wikia.nocookie.net/fridaynightfunking/images/8/82/HorrorTalesPatrickIcons.png",
        "flip": false
    },
    "i hate you luigi":{
        "name": "i hate you luigi",
        "origin": "I Hate You.exe",
        "mod": "Mario's Madness",
        "quote": "You thought Koopa worked alone? - Luigi in I Hate You creepypasta",
        "imageURL": "https://static.wikia.nocookie.net/fridaynightfunking/images/4/46/IHateYouIdle.gif",
        "icon": "https://static.wikia.nocookie.net/fridaynightfunking/images/8/8d/IHULuigiIcons.png",
        "flip": false
    },
    "wario apparation":{
        "name": "wario apparation",
        "origin": "Super Mario 64",
        "mod": "Mario's Madness",
        "quote": "You want fun? Wario show you fun! - Wario (E3 1996)",
        "imageURL": "https://static.wikia.nocookie.net/fridaynightfunking/images/7/75/Warioheadidle.gif",
        "icon": "https://static.wikia.nocookie.net/fridaynightfunking/images/e/e9/WarioApparitionIcons.png",
        "flip": false
    },
    "coronation day peach":{
        "name": "coronation day peach",
        "origin": "Coronation Day ROM Hack",
        "mod": "Mario's Monday Night Massacre",
        "quote": "I believe I am the god of this forest. Are you looking for me? - Coronation Peach",
        "imageURL": "https://static.wikia.nocookie.net/fridaynightfunking/images/f/f9/C.D_Peach_idle.gif",
        "icon": "https://static.wikia.nocookie.net/fridaynightfunking/images/f/fd/Icon-pfull.png",
        "flip": false
    },
    "jason":{
        "name": "jason",
        "origin": "Friday The 13th",
        "mod": "Friday Night The 13th",
        "imageURL": "https://static.wikia.nocookie.net/fridaynightfunking/images/d/da/JasonIdle.gif",
        "icon": "https://static.wikia.nocookie.net/fridaynightfunking/images/5/54/FNT13JasonIcons.png",
        "flip": false
    },
    "cereal guy":{
        "name": "cereal guy",
        "origin": "Rage Comics",
        "mod": "Friday Night Crunchin'",
        "quote": "Well, for one thing....I had Reeses for breakfast. - Cereal Guy",
        "imageURL": "https://static.wikia.nocookie.net/fridaynightfunking/images/1/1c/Cereal-guy-idle.gif",
        "icon": "https://static.wikia.nocookie.net/fridaynightfunking/images/4/43/Icon-curiouscrunch.png",
        "flip": false
    },
    "ifu":{
        "name": "ifu",
        "origin": "Friday Night Crunchin'",
        "mod": "Friday Night Crunchin'",
        "imageURL": "https://static.wikia.nocookie.net/fridaynightfunking/images/a/a6/Ifu-idlenew.gif",
        "icon": "https://static.wikia.nocookie.net/fridaynightfunking/images/f/f3/Icon-ifu.png",
        "flip": false
    },
    "idi":{
        "name": "idi",
        "origin": "YouAreAnIdiot.org",
        "mod": "Friday Night Crunchin'",
        "quote":"you are an idiot! ☺ ☺ ☺ - YouAreAnIdiot.org",
        "imageURL": "https://static.wikia.nocookie.net/fridaynightfunking/images/3/37/Idiot_anim.gif",
        "icon": "https://static.wikia.nocookie.net/fridaynightfunking/images/6/68/Icon-idiotFNC.png",
        "flip": false
    },
    "mighty.zip":{
        "name": "mighty.zip",
        "origin": "Friday Night Funkin' D-Sides",
        "mod": "Friday Night Funkin' D-Sides",
        "quote":"In the notepad, fates all written. Cause Pandora didn't listen. Time will march and hear with me, THE SCREEN'S THE LAST YOU'LL EVER SEE - Mighty.zip",
        "imageURL": "https://static.wikia.nocookie.net/fridaynightfunking/images/0/00/Mightyidle.gif",
        "icon": "https://static.wikia.nocookie.net/fridaynightfunking/images/3/3d/MightyZIPIcons.png",
        "flip": false
    },
    "god z":{
        "name": "god z",
        "origin": "Friday Night Funkin' D-Sides",
        "mod": "Friday Night Funkin' D-Sides",
        "quote":"LET ME SHOW YOU MY BEAUTIFUL WORLD. - God Z",
        "imageURL": "https://static.wikia.nocookie.net/fridaynightfunking/images/4/45/GodZIdleDSides.gif",
        "icon": "https://static.wikia.nocookie.net/fridaynightfunking/images/2/2b/Icon-godzofficial.png",
        "flip": false
    },
    "tenma mighty":{
        "name": "tenma mighty",
        "origin": "Friday Night Funkin' D-Sides",
        "mod": "Friday Night Funkin' D-Sides",
        "quote":"You never stood a chance. - Tenma Mighty",
        "imageURL": "https://static.wikia.nocookie.net/fridaynightfunking/images/2/25/Tenmarealidle.gif",
        "icon": "https://static.wikia.nocookie.net/fridaynightfunking/images/3/30/TenmaIconsOfficial.png",
        "flip": true
    },
    "mitee":{
        "name": "mitee",
        "origin": "Friday Night Funkin' D-Sides",
        "mod": "Friday Night Funkin' D-Sides",
        "quote":"and why they ourple - Mitee",
        "imageURL": "https://static.wikia.nocookie.net/fridaynightfunking/images/b/bf/Miteerealidle.gif",
        "icon": "https://static.wikia.nocookie.net/fridaynightfunking/images/6/65/MiteeIconsOfficial.png",
        "flip": true
    },
    "ved guy":{
        "name": "ved guy",
        "origin": "Friday Night Funkin' D-Sides",
        "mod": "Friday Night Funkin' D-Sides",
        "quote":"Hey there! You got a birthday comin’ up? Did a pet die recently and you need some cheering up? Or maybe you’re just cravin’ pizza?! Well Fredbear’s Family Diner is open, 6 AM to 10 PM! Bring the whole family down, courtesy of your favorite bear n’ bun! See ya there! - Ved Guy",
        "imageURL": "https://static.wikia.nocookie.net/fridaynightfunking/images/e/ef/DSVedIdle.gif",
        "icon": "https://static.wikia.nocookie.net/fridaynightfunking/images/4/43/DSideGuyIcons.png",
        "flip": false
    },
    "mackpack":{
        "name": "mackpack",
        "origin": "Friday Night Funkin' D-Sides",
        "mod": "Friday Night Funkin' D-Sides",
        "quote":"Hello, Internet. Welcome to True Theory, the only series on the internet where you’ll hear nothing but the truth. - MackPack",
        "imageURL": "https://static.wikia.nocookie.net/fridaynightfunking/images/c/ca/DSMatIdle.gif",
        "icon": "https://static.wikia.nocookie.net/fridaynightfunking/images/c/c8/Icon-mackpack.png",
        "flip": false
    },
    "euthanasia rabbit":{
        "name": "euthanasia rabbit",
        "origin": "Wednesday's Infidelity",
        "mod": "Wednesday's Infidelity",
        "quote":"In the end, we all die. Why should I even try? Gun in hand my life shall end. MY SUFFERING SHALL BE KNOWN FRIEND! - Euthanasia Rabbit",
        "imageURL": "https://static.wikia.nocookie.net/fridaynightfunking/images/c/c7/WIOswaldIdleAnim.gif",
        "icon": "https://static.wikia.nocookie.net/fridaynightfunking/images/2/2e/Icon-OswaldWI.png",
        "flip": false
    },
    "mordecai":{
        "name": "mordecai",
        "origin": "Regular Show",
        "mod": "Regular Friday Night",
        "quote":"WHOOOOOOOOOOOOOOO!!!!!! - Mordecai",
        "imageURL": "https://static.wikia.nocookie.net/fridaynightfunking/images/3/37/RFNMordIdle.gif",
        "icon": "https://static.wikia.nocookie.net/fridaynightfunking/images/1/1a/Icon-morde.png",
        "flip": false
    },
    "rigby":{
        "name": "rigby",
        "origin": "Regular Show",
        "mod": "Regular Friday Night",
        "quote":"In yo face! - Rigby (Regular Show S3E7 - Cool Bikes)",
        "imageURL": "https://static.wikia.nocookie.net/fridaynightfunking/images/5/50/RFNRigIdle.gif",
        "icon": "https://static.wikia.nocookie.net/fridaynightfunking/images/2/22/Icon-rigby.png",
        "flip": false
    },
    "benson":{
        "name": "benson",
        "origin": "Regular Show",
        "mod": "Regular Friday Night",
        "quote":"GET BACK TO WORK OR YOU'RE FIRED! - Benson's iconic quote",
        "imageURL": "https://static.wikia.nocookie.net/fridaynightfunking/images/e/e7/Bensoncalm.gif",
        "icon": "https://static.wikia.nocookie.net/fridaynightfunking/images/3/3d/Icon-RNFbenson.png",
        "flip": false
    },
    "bill cipher":{
        "name": "bill cipher",
        "origin": "Gravity Falls",
        "mod": "Vs Bill Cipher",
        "quote":"Oh, I know lots of things. LOTS OF THINGS - Bill Cipher (Gravity Falls S1E19 - Dreamscapers)",
        "imageURL": "https://static.wikia.nocookie.net/fridaynightfunking/images/8/88/Bill_Idle_2.gif",
        "icon": "https://static.wikia.nocookie.net/fridaynightfunking/images/2/25/BillIcons.png",
        "flip": false
    },
    "door stuck":{
        "name": "door stuck",
        "origin": "Door Stuck Meme",
        "mod": "Vs Door Stuck",
        "quote":"DOOR STUCK! DOOR'S STUCK!",
        "imageURL": "https://static.wikia.nocookie.net/fridaynightfunking/images/4/47/DSNormal-Idle.gif",
        "icon": "https://static.wikia.nocookie.net/fridaynightfunking/images/6/69/Doorstuckicons.png",
        "flip": false
    },
    "peashooter":{
        "name": "peashooter",
        "origin": "Plants vs Zombies",
        "mod": "Plants vs. Rappers",
        "imageURL": "https://static.wikia.nocookie.net/fridaynightfunking/images/a/ae/PeashooterIdle.gif",
        "icon": "https://static.wikia.nocookie.net/fridaynightfunking/images/d/d8/Icon-Peashooter.png",
        "flip": false
    },
    "arin hanson":{
        "name": "arin hanson",
        "origin": "YouTuber (Games Grumps/Egoraptor)",
        "mod": "Arin/Oney Knockout!",
        "quote":"I'm the video game boy. I'm the one who wins! - Arin (Stick Fight: This Is Skills PART 4)",
        "imageURL": "https://static.wikia.nocookie.net/fridaynightfunking/images/8/80/AOKOArinIdle.gif",
        "icon": "https://static.wikia.nocookie.net/fridaynightfunking/images/1/10/EgoraptorIcons.png",
        "flip": true
    },
    "chris o neill":{
        "name": "chris o neill",
        "origin": "YouTuber (Oneyplays)",
        "mod": "Arin/Oney Knockout!",
        "quote":"Have a boy - Oneyplays Slogan",
        "imageURL": "https://static.wikia.nocookie.net/fridaynightfunking/images/b/bc/AOKOOneyIdle.gif",
        "icon": "https://static.wikia.nocookie.net/fridaynightfunking/images/c/cb/OneyIcons.png",
        "flip": false
    },
    "springtrap":{
        "name": "springtrap",
        "origin": "Five Nights At Freddy's 3",
        "mod": "Funkin' at Freddy's + Afton",
        "quote":"I will make you suffer. Suffer like so many of the others! - Springtrap (FNAF AR)",
        "imageURL": "https://static.wikia.nocookie.net/fridaynightfunking/images/c/c9/AftontrapIdle.gif",
        "icon": "https://static.wikia.nocookie.net/fridaynightfunking/images/4/4a/Aftonspringtrapicons.png",
        "flip": false
    },
    "kris":{
        "name": "kris",
        "origin": "Deltarune",
        "mod": "Seek's Cool Deltarune Mod",
        "imageURL": "https://static.wikia.nocookie.net/fridaynightfunking/images/9/93/SeekKrisHyperlinkIdleAnim.gif",
        "icon": "https://static.wikia.nocookie.net/fridaynightfunking/images/6/6c/KrisVsRouxlsIcon.png",
        "flip": true
    },
    "susie":{
        "name": "susie",
        "origin": "Deltarune",
        "mod": "Seek's Cool Deltarune Mod",
        "quote":"Hey. Let me tell you a secret. Quiet people piss me off! - Susie (Deltarune Chapter 1)",
        "imageURL": "https://static.wikia.nocookie.net/fridaynightfunking/images/6/6e/SeekSusieHyperlinkIdleAnim.gif",
        "icon": "https://static.wikia.nocookie.net/fridaynightfunking/images/5/5f/SusieDeltaruneIcon.png",
        "flip": true
    },
    "ralsei":{
        "name": "ralsei",
        "origin": "Deltarune",
        "mod": "Seek's Cool Deltarune Mod",
        "quote":"The power of fluffy bois shines within you! - Deltarune Chapter 1 save file",
        "imageURL": "https://static.wikia.nocookie.net/fridaynightfunking/images/7/79/SeekRalseiHyperlinkIdleAnim.gif",
        "icon": "https://static.wikia.nocookie.net/fridaynightfunking/images/5/5f/SusieDeltaruneIcon.png",
        "flip": true
    },
    "lancer":{
        "name": "lancer",
        "origin": "Deltarune",
        "mod": "Seek's Cool Deltarune Mod",
        "quote":"I'm...! The bad guy! - Lancer (Deltarune Chapter 1)",
        "imageURL": "https://static.wikia.nocookie.net/fridaynightfunking/images/3/3f/SeekLancerIdleAnim.gif",
        "icon": "https://static.wikia.nocookie.net/fridaynightfunking/images/6/60/LancerDeltaruneIcon.png",
        "flip": true
    },
    "jevil":{
        "name": "jevil",
        "origin": "Deltarune",
        "mod": "Seek's Cool Deltarune Mod",
        "quote":"CHAOS! CHAOS! - Jevil (Deltarune Chapter 1)",
        "imageURL": "https://static.wikia.nocookie.net/fridaynightfunking/images/6/6b/SeekJevilIdleAnim.gif",
        "icon": "https://static.wikia.nocookie.net/fridaynightfunking/images/3/3c/JevilDeltaruneIcon.png",
        "flip": false
    },
    "seam":{
        "name": "seam",
        "origin": "Deltarune",
        "mod": "Seek's Cool Deltarune Mod",
        "quote":"Around here, you learn to find ways to pass the time... or go mad like everyone else. - Seam (Deltarune Chapter 1)",
        "imageURL": "https://static.wikia.nocookie.net/fridaynightfunking/images/5/50/SeekSeamIdleAnim.gif",
        "icon": "https://static.wikia.nocookie.net/fridaynightfunking/images/0/04/SeamDeltaruneIcon.png",
        "flip": true
    },
    "spamton":{
        "name": "spamton",
        "origin": "Deltarune",
        "mod": "Seek's Cool Deltarune Mod",
        "quote":"NOW'S YOUR CHANCE TO BE A BIG SHOT! - Spamton (Deltarune Chapter 2)",
        "imageURL": "https://static.wikia.nocookie.net/fridaynightfunking/images/7/7d/NelsonIdleDance.gif",
        "icon": "https://static.wikia.nocookie.net/fridaynightfunking/images/e/ec/SeekSpamtonNeoIcons.png",
        "flip": false
    },
    "neonight":{
        "name": "neonight",
        "origin": "YouTuber (Neonight)",
        "mod": "Neonight",
        "quote":"Hi! My name is Neonight! I upload Friday Night Funkin :) - Neonight YouTube description",
        "imageURL": "https://static.wikia.nocookie.net/fridaynightfunking/images/5/57/Neonight_Idle.gif",
        "icon": "https://static.wikia.nocookie.net/fridaynightfunking/images/5/50/Neonighticons.png",
        "flip": false
    },
    "sharv":{
        "name": "sharv",
        "origin": "YouTuber (Sharv)",
        "mod": "Sharv",
        "quote":"Beep Boop! Don't forget to subscribe! Friday Night Funkin content right here! - Sharv YouTube description",
        "imageURL": "https://static.wikia.nocookie.net/fridaynightfunking/images/7/72/SharvIdleAnim.gif",
        "icon": "https://static.wikia.nocookie.net/fridaynightfunking/images/2/2c/SharvAllIcons.png",
        "flip": true
    },
    "lylace":{
        "name": "lylace",
        "origin": "YouTuber (Lylace)",
        "mod": "Lylace",
        "quote":"Hey, I upload Friday Night Funkin' content! Don't forget to subscribe if you enjoy my videos c: - Lylace YouTube description",
        "imageURL": "https://static.wikia.nocookie.net/fridaynightfunking/images/d/d8/LylaceIdleAnim.gif",
        "icon": "https://static.wikia.nocookie.net/fridaynightfunking/images/f/f5/LylaceAllFullIcon.png",
        "flip": false
    },
    "swirl":{
        "name": "swirl",
        "origin": "YouTuber (Swirl)",
        "mod": "Swirl",
        "quote":"❤ Hi I'm Swirl I do some FNF covers 🎶 - Swirl YouTube description",
        "imageURL": "https://static.wikia.nocookie.net/fridaynightfunking/images/8/8e/NewSwirlIdleAnim.gif",
        "icon": "https://static.wikia.nocookie.net/fridaynightfunking/images/a/a0/IconSet_Swirl.png",
        "flip": false
    },
    "zynux":{
        "name": "zynux",
        "origin": "YouTuber (Zynux)",
        "mod": "Zynux",
        "imageURL": "https://static.wikia.nocookie.net/fridaynightfunking/images/1/1a/ZynuxIdleAnim.gif",
        "icon": "https://static.wikia.nocookie.net/fridaynightfunking/images/5/5a/ZynuxAllIcons.png",
        "flip": false
    },
    "blantados":{
        "name": "blantados",
        "origin": "YouTuber (Blantados)",
        "mod": "Blantados",
        "quote":"I'm tired of not being able to do anything even though I'm the one making the videos. - Blantados",
        "imageURL": "https://static.wikia.nocookie.net/fridaynightfunking/images/b/b8/BlantadV3Idle.gif",
        "icon": "https://static.wikia.nocookie.net/fridaynightfunking/images/d/d1/Icon-Blantad.png",
        "flip": false
    },
    "dan avidan":{
        "name": "dan avidan",
        "origin": "YouTuber (Games Grumps/Ninja Sex Party)",
        "mod": "Arin/Oney Knockout!",
        "quote":"No matter how hard you work and how big a celebrity you become, you'll never be as famous as cheese - Dan Avidan",
        "imageURL": "https://static.wikia.nocookie.net/fridaynightfunking/images/e/e5/AOKODannyIdle.gif",
        "flip": true
    },
    "sr pelo":{
        "name": "sr pelo",
        "origin": "YouTuber (Sr Pelo)",
        "mod": "Arin/Oney Knockout!",
        "quote":"AAAAAAAAAAAAAAHHHHHHHHHHHHHHHHHHHHHHHHH!!!!!!!!!! - Sr. Pelo",
        "imageURL": "https://static.wikia.nocookie.net/fridaynightfunking/images/b/b2/AOKOPeloIdle.gif",
        "flip": false
    },
    "garfield":{
        "name": "garfield",
        "origin": "Garfield",
        "mod": "NERMAL NERMAL NERMALLIN",
        "quote":"I hate Mondays - Garfield's iconic quote",
        "imageURL": "https://static.wikia.nocookie.net/fridaynightfunking/images/0/03/Narfield.gif",
        "icon": "https://static.wikia.nocookie.net/fridaynightfunking/images/d/de/GarfieldIconSet.png",
        "flip": false
    },
    "nermal":{
        "name": "nermal",
        "origin": "Garfield",
        "mod": "NERMAL NERMAL NERMALLIN",
        "quote":"I'm cute and your not! - Nermal taunting Garfield",
        "imageURL": "https://static.wikia.nocookie.net/fridaynightfunking/images/f/f5/Nermal_Idle.gif",
        "icon": "https://static.wikia.nocookie.net/fridaynightfunking/images/f/f5/NermalIconSet.png",
        "flip": false
    },
    "tactie":{
        "name": "tactie",
        "origin": "YouTuber (Trake)",
        "mod": "Tactie",
        "imageURL": "https://static.wikia.nocookie.net/fridaynightfunking/images/8/86/TactieIdleAnim.gif",
        "icon": "https://static.wikia.nocookie.net/fridaynightfunking/images/f/f6/Tacties_icon_new.png",
        "flip": true
    },
    "trake":{
        "name": "trake",
        "origin": "YouTuber (Trake)",
        "mod": "Trake",
        "imageURL": "https://static.wikia.nocookie.net/fridaynightfunking/images/8/82/TrakeYTIdleAnim.gif",
        "icon": "https://static.wikia.nocookie.net/fridaynightfunking/images/9/9b/TrakeIcons.png",
        "flip": true
    }
}